metodo,inicio,iteracion,z_anterior,z_actual,a,b,c,f_z,f_c,error,decision
Newton-Raphson,-8.0,1,,,1.5,1.6000000000000014,1.5500000000000007,,-0.005086268164039676,0.05000000000000071,Bisección
Newton-Raphson,-8.0,2,,,1.5500000000000007,1.6000000000000014,1.575000000000001,,-0.0015047699754006105,0.025000000000000355,Bisección
Newton-Raphson,-8.0,3,,,1.575000000000001,1.6000000000000014,1.5875000000000012,,0.00026407980694798106,0.012500000000000178,Bisección
Newton-Raphson,-8.0,4,,,1.575000000000001,1.5875000000000012,1.5812500000000012,,-0.0006185243828048526,0.006250000000000089,Bisección
Newton-Raphson,-8.0,5,,,1.5812500000000012,1.5875000000000012,1.5843750000000012,,-0.00017676743928773941,0.0031250000000000444,Bisección
Newton-Raphson,-8.0,6,,,1.5843750000000012,1.5875000000000012,1.5859375000000013,,4.376985481269191e-05,0.0015625000000000222,Bisección
Newton-Raphson,-8.0,7,,,1.5843750000000012,1.5859375000000013,1.5851562500000012,,-6.647036932971861e-05,0.0007812500000000666,Bisección
Newton-Raphson,-8.0,8,,,1.5851562500000012,1.5859375000000013,1.5855468750000012,,-1.134315217588e-05,0.0003906250000000888,Bisección
Newton-Raphson,-8.0,9,,,1.5855468750000012,1.5859375000000013,1.5857421875000013,,1.6215127508378835e-05,0.0001953125000000444,Bisección
Newton-Raphson,-8.0,10,,,1.5855468750000012,1.5857421875000013,1.5856445312500012,,2.436431723817911e-06,9.76562500000222e-05,Bisección
Newton-Raphson,-8.0,11,,,1.5855468750000012,1.5856445312500012,1.5855957031250012,,-4.45324921038992e-06,4.882812499995559e-05,Bisección
Newton-Raphson,-8.0,12,,,1.5855957031250012,1.5856445312500012,1.585620117187501,,-1.008380989597768e-06,2.4414062499977796e-05,Bisección
Newton-Raphson,-8.0,13,,,1.585620117187501,1.5856445312500012,1.585632324218751,,7.140323055043751e-07,1.2207031250044409e-05,Bisección
Newton-Raphson,0.0,1,0.0,0.6599999999999999,,,,-0.1707396115486145,,0.6599999999999999,Newton amortiguado
Newton-Raphson,0.0,2,0.6599999999999999,1.0400359553898821,,,,-0.09114305635859798,,0.3800359553898822,Newton amortiguado
Newton-Raphson,0.0,3,1.0400359553898821,1.2762222813768178,,,,-0.048193960976429695,,0.23618632598693567,Newton amortiguado
Newton-Raphson,0.0,4,1.2762222813768178,1.4174828268363602,,,,-0.02505650025085404,,0.14126054545954236,Newton amortiguado
Newton-Raphson,0.0,5,1.4174828268363602,1.4972757894322035,,,,-0.012832181711656787,,0.07979296259584334,Newton amortiguado
Newton-Raphson,0.0,6,1.4972757894322035,1.5402201962819644,,,,-0.006503266999663748,,0.04294440684976086,Newton amortiguado
Newton-Raphson,0.0,7,1.5402201962819644,1.5625912767646448,,,,-0.003275130064406606,,0.02237108048268044,Newton amortiguado
Newton-Raphson,0.0,8,1.5625912767646448,1.574022726736085,,,,-0.001643676179182929,,0.011431449971440077,Newton amortiguado
Newton-Raphson,0.0,9,1.574022726736085,1.5798029054460583,,,,-0.0008233972286024738,,0.005780178709973383,Newton amortiguado
Newton-Raphson,0.0,10,1.5798029054460583,1.5827095037227987,,,,-0.00041209243377748894,,0.0029065982767404464,Newton amortiguado
Newton-Raphson,0.0,11,1.5827095037227987,1.5841669811022,,,,-0.00020614518359174383,,0.001457477379401162,Newton amortiguado
Newton-Raphson,0.0,12,1.5841669811022,1.5848967708305353,,,,-0.00010309739792779826,,0.0007297897283353727,Newton amortiguado
Newton-Raphson,0.0,13,1.5848967708305353,1.5852619292706565,,,,-5.155490858388401e-05,,0.0003651584401211938,Newton amortiguado
Newton-Raphson,0.0,14,1.5852619292706565,1.5854445744871517,,,,-2.57790077097253e-05,,0.00018264521649524745,Newton amortiguado
Newton-Raphson,0.0,15,1.5854445744871517,1.5855359136073397,,,,-1.2889892335943287e-05,,9.133912018799428e-05,Newton amortiguado
Newton-Raphson,0.0,16,1.5855359136073397,1.585581587297024,,,,-6.4450433041596256e-06,,4.5673689684333496e-05,Newton amortiguado
Newton-Raphson,0.0,17,1.585581587297024,1.5856044251744648,,,,-3.222545938097454e-06,,2.283787744072896e-05,Newton amortiguado
Newton-Raphson,0.0,18,1.5856044251744648,1.58561584437136,,,,-1.611279040969471e-06,,1.141919689517934e-05,Newton amortiguado
Newton-Raphson,0.0,19,1.58561584437136,1.585621554034355,,,,-8.056410383261436e-07,,5.709662995068143e-06,Newton amortiguado
Newton-Raphson,8.0,1,,,1.5,1.6000000000000014,1.5500000000000007,,-0.005086268164039676,0.05000000000000071,Bisección
Newton-Raphson,8.0,2,,,1.5500000000000007,1.6000000000000014,1.575000000000001,,-0.0015047699754006105,0.025000000000000355,Bisección
Newton-Raphson,8.0,3,,,1.575000000000001,1.6000000000000014,1.5875000000000012,,0.00026407980694798106,0.012500000000000178,Bisección
Newton-Raphson,8.0,4,,,1.575000000000001,1.5875000000000012,1.5812500000000012,,-0.0006185243828048526,0.006250000000000089,Bisección
Newton-Raphson,8.0,5,,,1.5812500000000012,1.5875000000000012,1.5843750000000012,,-0.00017676743928773941,0.0031250000000000444,Bisección
Newton-Raphson,8.0,6,,,1.5843750000000012,1.5875000000000012,1.5859375000000013,,4.376985481269191e-05,0.0015625000000000222,Bisección
Newton-Raphson,8.0,7,,,1.5843750000000012,1.5859375000000013,1.5851562500000012,,-6.647036932971861e-05,0.0007812500000000666,Bisección
Newton-Raphson,8.0,8,,,1.5851562500000012,1.5859375000000013,1.5855468750000012,,-1.134315217588e-05,0.0003906250000000888,Bisección
Newton-Raphson,8.0,9,,,1.5855468750000012,1.5859375000000013,1.5857421875000013,,1.6215127508378835e-05,0.0001953125000000444,Bisección
Newton-Raphson,8.0,10,,,1.5855468750000012,1.5857421875000013,1.5856445312500012,,2.436431723817911e-06,9.76562500000222e-05,Bisección
Newton-Raphson,8.0,11,,,1.5855468750000012,1.5856445312500012,1.5855957031250012,,-4.45324921038992e-06,4.882812499995559e-05,Bisección
Newton-Raphson,8.0,12,,,1.5855957031250012,1.5856445312500012,1.585620117187501,,-1.008380989597768e-06,2.4414062499977796e-05,Bisección
Newton-Raphson,8.0,13,,,1.585620117187501,1.5856445312500012,1.585632324218751,,7.140323055043751e-07,1.2207031250044409e-05,Bisección
Punto fijo,-8.0,1,,,1.5,1.6000000000000014,1.5500000000000007,,-0.005086268164039676,0.05000000000000071,Bisección
Punto fijo,-8.0,2,,,1.5500000000000007,1.6000000000000014,1.575000000000001,,-0.0015047699754006105,0.025000000000000355,Bisección
Punto fijo,-8.0,3,,,1.575000000000001,1.6000000000000014,1.5875000000000012,,0.00026407980694798106,0.012500000000000178,Bisección
Punto fijo,-8.0,4,,,1.575000000000001,1.5875000000000012,1.5812500000000012,,-0.0006185243828048526,0.006250000000000089,Bisección
Punto fijo,-8.0,5,,,1.5812500000000012,1.5875000000000012,1.5843750000000012,,-0.00017676743928773941,0.0031250000000000444,Bisección
Punto fijo,-8.0,6,,,1.5843750000000012,1.5875000000000012,1.5859375000000013,,4.376985481269191e-05,0.0015625000000000222,Bisección
Punto fijo,-8.0,7,,,1.5843750000000012,1.5859375000000013,1.5851562500000012,,-6.647036932971861e-05,0.0007812500000000666,Bisección
Punto fijo,-8.0,8,,,1.5851562500000012,1.5859375000000013,1.5855468750000012,,-1.134315217588e-05,0.0003906250000000888,Bisección
Punto fijo,-8.0,9,,,1.5855468750000012,1.5859375000000013,1.5857421875000013,,1.6215127508378835e-05,0.0001953125000000444,Bisección
Punto fijo,-8.0,10,,,1.5855468750000012,1.5857421875000013,1.5856445312500012,,2.436431723817911e-06,9.76562500000222e-05,Bisección
Punto fijo,-8.0,11,,,1.5855468750000012,1.5856445312500012,1.5855957031250012,,-4.45324921038992e-06,4.882812499995559e-05,Bisección
Punto fijo,-8.0,12,,,1.5855957031250012,1.5856445312500012,1.585620117187501,,-1.008380989597768e-06,2.4414062499977796e-05,Bisección
Punto fijo,-8.0,13,,,1.585620117187501,1.5856445312500012,1.585632324218751,,7.140323055043751e-07,1.2207031250044409e-05,Bisección
Punto fijo,0.0,1,0.0,0.6599999999999999,,,,-0.1707396115486145,,0.6599999999999999,Punto fijo amortiguado
Punto fijo,0.0,2,0.6599999999999999,1.0400359553898821,,,,-0.09114305635859798,,0.3800359553898822,Punto fijo amortiguado
Punto fijo,0.0,3,1.0400359553898821,1.2762222813768176,,,,-0.048193960976429695,,0.23618632598693545,Punto fijo amortiguado
Punto fijo,0.0,4,1.2762222813768176,1.41748282683636,,,,-0.02505650025085404,,0.14126054545954236,Punto fijo amortiguado
Punto fijo,0.0,5,1.41748282683636,1.4972757894322033,,,,-0.012832181711656898,,0.07979296259584334,Punto fijo amortiguado
Punto fijo,0.0,6,1.4972757894322033,1.5402201962819646,,,,-0.006503266999663748,,0.04294440684976131,Punto fijo amortiguado
Punto fijo,0.0,7,1.5402201962819646,1.562591276764645,,,,-0.003275130064406606,,0.02237108048268044,Punto fijo amortiguado
Punto fijo,0.0,8,1.562591276764645,1.5740227267360851,,,,-0.001643676179182929,,0.011431449971440077,Punto fijo amortiguado
Punto fijo,0.0,9,1.5740227267360851,1.5798029054460585,,,,-0.0008233972286024738,,0.005780178709973383,Punto fijo amortiguado
Punto fijo,0.0,10,1.5798029054460585,1.582709503722799,,,,-0.00041209243377748894,,0.0029065982767404464,Punto fijo amortiguado
Punto fijo,0.0,11,1.582709503722799,1.5841669811022001,,,,-0.00020614518359174383,,0.001457477379401162,Punto fijo amortiguado
Punto fijo,0.0,12,1.5841669811022001,1.5848967708305355,,,,-0.00010309739792768724,,0.0007297897283353727,Punto fijo amortiguado
Punto fijo,0.0,13,1.5848967708305355,1.5852619292706562,,,,-5.155490858388401e-05,,0.0003651584401207497,Punto fijo amortiguado
Punto fijo,0.0,14,1.5852619292706562,1.5854445744871515,,,,-2.577900770983632e-05,,0.00018264521649524745,Punto fijo amortiguado
Punto fijo,0.0,15,1.5854445744871515,1.5855359136073397,,,,-1.2889892335943287e-05,,9.133912018821633e-05,Punto fijo amortiguado
Punto fijo,0.0,16,1.5855359136073397,1.585581587297024,,,,-6.4450433041596256e-06,,4.5673689684333496e-05,Punto fijo amortiguado
Punto fijo,0.0,17,1.585581587297024,1.585604425174465,,,,-3.222545938097454e-06,,2.2837877440951004e-05,Punto fijo amortiguado
Punto fijo,0.0,18,1.585604425174465,1.5856158443713602,,,,-1.6112790407474264e-06,,1.141919689517934e-05,Punto fijo amortiguado
Punto fijo,0.0,19,1.5856158443713602,1.5856215540343543,,,,-8.056410384371659e-07,,5.709662994179965e-06,Punto fijo amortiguado
Punto fijo,8.0,1,,,1.5,1.6000000000000014,1.5500000000000007,,-0.005086268164039676,0.05000000000000071,Bisección
Punto fijo,8.0,2,,,1.5500000000000007,1.6000000000000014,1.575000000000001,,-0.0015047699754006105,0.025000000000000355,Bisección
Punto fijo,8.0,3,,,1.575000000000001,1.6000000000000014,1.5875000000000012,,0.00026407980694798106,0.012500000000000178,Bisección
Punto fijo,8.0,4,,,1.575000000000001,1.5875000000000012,1.5812500000000012,,-0.0006185243828048526,0.006250000000000089,Bisección
Punto fijo,8.0,5,,,1.5812500000000012,1.5875000000000012,1.5843750000000012,,-0.00017676743928773941,0.0031250000000000444,Bisección
Punto fijo,8.0,6,,,1.5843750000000012,1.5875000000000012,1.5859375000000013,,4.376985481269191e-05,0.0015625000000000222,Bisección
Punto fijo,8.0,7,,,1.5843750000000012,1.5859375000000013,1.5851562500000012,,-6.647036932971861e-05,0.0007812500000000666,Bisección
Punto fijo,8.0,8,,,1.5851562500000012,1.5859375000000013,1.5855468750000012,,-1.134315217588e-05,0.0003906250000000888,Bisección
Punto fijo,8.0,9,,,1.5855468750000012,1.5859375000000013,1.5857421875000013,,1.6215127508378835e-05,0.0001953125000000444,Bisección
Punto fijo,8.0,10,,,1.5855468750000012,1.5857421875000013,1.5856445312500012,,2.436431723817911e-06,9.76562500000222e-05,Bisección
Punto fijo,8.0,11,,,1.5855468750000012,1.5856445312500012,1.5855957031250012,,-4.45324921038992e-06,4.882812499995559e-05,Bisección
Punto fijo,8.0,12,,,1.5855957031250012,1.5856445312500012,1.585620117187501,,-1.008380989597768e-06,2.4414062499977796e-05,Bisección
Punto fijo,8.0,13,,,1.585620117187501,1.5856445312500012,1.585632324218751,,7.140323055043751e-07,1.2207031250044409e-05,Bisección
Secante,"-8.0, -7.0",1,,,1.5,1.6000000000000014,1.5500000000000007,,-0.005086268164039676,0.05000000000000071,Bisección
Secante,"-8.0, -7.0",2,,,1.5500000000000007,1.6000000000000014,1.575000000000001,,-0.0015047699754006105,0.025000000000000355,Bisección
Secante,"-8.0, -7.0",3,,,1.575000000000001,1.6000000000000014,1.5875000000000012,,0.00026407980694798106,0.012500000000000178,Bisección
Secante,"-8.0, -7.0",4,,,1.575000000000001,1.5875000000000012,1.5812500000000012,,-0.0006185243828048526,0.006250000000000089,Bisección
Secante,"-8.0, -7.0",5,,,1.5812500000000012,1.5875000000000012,1.5843750000000012,,-0.00017676743928773941,0.0031250000000000444,Bisección
Secante,"-8.0, -7.0",6,,,1.5843750000000012,1.5875000000000012,1.5859375000000013,,4.376985481269191e-05,0.0015625000000000222,Bisección
Secante,"-8.0, -7.0",7,,,1.5843750000000012,1.5859375000000013,1.5851562500000012,,-6.647036932971861e-05,0.0007812500000000666,Bisección
Secante,"-8.0, -7.0",8,,,1.5851562500000012,1.5859375000000013,1.5855468750000012,,-1.134315217588e-05,0.0003906250000000888,Bisección
Secante,"-8.0, -7.0",9,,,1.5855468750000012,1.5859375000000013,1.5857421875000013,,1.6215127508378835e-05,0.0001953125000000444,Bisección
Secante,"-8.0, -7.0",10,,,1.5855468750000012,1.5857421875000013,1.5856445312500012,,2.436431723817911e-06,9.76562500000222e-05,Bisección
Secante,"-8.0, -7.0",11,,,1.5855468750000012,1.5856445312500012,1.5855957031250012,,-4.45324921038992e-06,4.882812499995559e-05,Bisección
Secante,"-8.0, -7.0",12,,,1.5855957031250012,1.5856445312500012,1.585620117187501,,-1.008380989597768e-06,2.4414062499977796e-05,Bisección
Secante,"-8.0, -7.0",13,,,1.585620117187501,1.5856445312500012,1.585632324218751,,7.140323055043751e-07,1.2207031250044409e-05,Bisección
Secante,"0.0, 1.0",1,1.0,1.2141046265337554,,,,-0.05897559048086454,,0.2141046265337554,Secante amortiguada
Secante,"0.0, 1.0",2,1.2141046265337554,1.3720764050955685,,,,-0.03228457909184912,,0.1579717785618131,Secante amortiguada
Secante,"0.0, 1.0",3,1.3720764050955685,1.4676151672827114,,,,-0.017305367447134068,,0.09553876218714286,Secante amortiguada
Secante,"0.0, 1.0",4,1.4676151672827114,1.5228027640771058,,,,-0.009049168875109315,,0.055187596794394445,Secante amortiguada
Secante,"0.0, 1.0",5,1.5228027640771058,1.5530468212450188,,,,-0.0046466480648660324,,0.030244057167913008,Secante amortiguada
Secante,"0.0, 1.0",6,1.5530468212450188,1.5690073919918968,,,,-0.002357941896371285,,0.015960570746877956,Secante amortiguada
Secante,"0.0, 1.0",7,1.5690073919918968,1.5772290892486516,,,,-0.0011882686015378674,,0.008221697256754812,Secante amortiguada
Secante,"0.0, 1.0",8,1.5772290892486516,1.5814052915885295,,,,-0.0005965505290059792,,0.004176202339877921,Secante amortiguada
Secante,"0.0, 1.0",9,1.5814052915885295,1.5835104459101055,,,,-0.0002988916749877557,,0.002105154321575986,Secante amortiguada
Secante,"0.0, 1.0",10,1.5835104459101055,1.5845673825555127,,,,-0.0001496015459354627,,0.0010569366454071805,Secante amortiguada
Secante,"0.0, 1.0",11,1.5845673825555127,1.5850969532549035,,,,-7.483990491441439e-05,,0.0005295706993908578,Secante amortiguada
Secante,"0.0, 1.0",12,1.5850969532549035,1.5853620157939716,,,,-3.742976131426712e-05,,0.00026506253906810606,Secante amortiguada
Secante,"0.0, 1.0",13,1.5853620157939716,1.5854946165623183,,,,-1.871733612179849e-05,,0.0001326007683466468,Secante amortiguada
Secante,"0.0, 1.0",14,1.5854946165623183,1.5855609343465078,,,,-9.359282334697738e-06,,6.631778418952905e-05,Secante amortiguada
Secante,"0.0, 1.0",15,1.5855609343465078,1.5855940975917808,,,,-4.6797947866883405e-06,,3.316324527302683e-05,Secante amortiguada
Secante,"0.0, 1.0",16,1.5855940975917808,1.5856106803031083,,,,-2.3399358046738428e-06,,1.6582711327428612e-05,Secante amortiguada
Secante,"0.0, 1.0",17,1.5856106803031083,1.5856189719309952,,,,-1.1699775058771067e-06,,8.291627886958253e-06,Secante amortiguada
Secante,"0.0, 1.0",18,1.5856189719309952,1.585623117813,,,,-5.849911539623776e-07,,4.145882004813473e-06,Secante amortiguada
Secante,"8.0, 7.0",1,,,1.5,1.6000000000000014,1.5500000000000007,,-0.005086268164039676,0.05000000000000071,Bisección
Secante,"8.0, 7.0",2,,,1.5500000000000007,1.6000000000000014,1.575000000000001,,-0.0015047699754006105,0.025000000000000355,Bisección
Secante,"8.0, 7.0",3,,,1.575000000000001,1.6000000000000014,1.5875000000000012,,0.00026407980694798106,0.012500000000000178,Bisección
Secante,"8.0, 7.0",4,,,1.575000000000001,1.5875000000000012,1.5812500000000012,,-0.0006185243828048526,0.006250000000000089,Bisección
Secante,"8.0, 7.0",5,,,1.5812500000000012,1.5875000000000012,1.5843750000000012,,-0.00017676743928773941,0.0031250000000000444,Bisección
Secante,"8.0, 7.0",6,,,1.5843750000000012,1.5875000000000012,1.5859375000000013,,4.376985481269191e-05,0.0015625000000000222,Bisección
Secante,"8.0, 7.0",7,,,1.5843750000000012,1.5859375000000013,1.5851562500000012,,-6.647036932971861e-05,0.0007812500000000666,Bisección
Secante,"8.0, 7.0",8,,,1.5851562500000012,1.5859375000000013,1.5855468750000012,,-1.134315217588e-05,0.0003906250000000888,Bisección
Secante,"8.0, 7.0",9,,,1.5855468750000012,1.5859375000000013,1.5857421875000013,,1.6215127508378835e-05,0.0001953125000000444,Bisección
Secante,"8.0, 7.0",10,,,1.5855468750000012,1.5857421875000013,1.5856445312500012,,2.436431723817911e-06,9.76562500000222e-05,Bisección
Secante,"8.0, 7.0",11,,,1.5855468750000012,1.5856445312500012,1.5855957031250012,,-4.45324921038992e-06,4.882812499995559e-05,Bisección
Secante,"8.0, 7.0",12,,,1.5855957031250012,1.5856445312500012,1.585620117187501,,-1.008380989597768e-06,2.4414062499977796e-05,Bisección
Secante,"8.0, 7.0",13,,,1.585620117187501,1.5856445312500012,1.585632324218751,,7.140323055043751e-07,1.2207031250044409e-05,Bisección
